<?xml version="1.0" encoding="UTF-8"?>
<GenRun Id="impl_1" LaunchPart="xc7a35tcsg324-1" LaunchTime="1495483625">
  <File Type="RDI-RDI" Name="AD_TOP.vdi"/>
  <File Type="OPT-DCP" Name="AD_TOP_opt.dcp"/>
  <File Type="INIT-TIMING" Name="AD_TOP_timing_summary_init.rpt"/>
  <File Type="PA-TCL" Name="AD_TOP.tcl"/>
  <File Type="RUN-CONSTRS" Name="$PDATADIR/runs/impl_1/constrs_in.xml"/>
  <File Type="RUN-SRCS" Name="$PDATADIR/runs/impl_1/sources.xml"/>
  <File Type="OPT-DRC" Name="AD_TOP_drc_opted.rpt"/>
  <File Type="ROUTE-DCP" Name="AD_TOP_routed.dcp"/>
  <File Type="RUN-STRAT" Name="$PDATADIR/runs/impl_1/impl_1.psg"/>
  <File Type="OPT-TIMING" Name="AD_TOP_timing_summary_opted.rpt"/>
  <File Type="OPT-HWDEF" Name="AD_TOP.hwdef"/>
  <File Type="PWROPT-DCP" Name="AD_TOP_pwropt.dcp"/>
  <File Type="PWROPT-DRC" Name="AD_TOP_drc_pwropted.rpt"/>
  <File Type="PWROPT-TIMING" Name="AD_TOP_timing_summary_pwropted.rpt"/>
  <File Type="PLACE-DCP" Name="AD_TOP_placed.dcp"/>
  <File Type="PLACE-IO" Name="AD_TOP_io_placed.rpt"/>
  <File Type="PLACE-CLK" Name="AD_TOP_clock_utilization_placed.rpt"/>
  <File Type="PLACE-UTIL" Name="AD_TOP_utilization_placed.rpt"/>
  <File Type="PLACE-UTIL-PB" Name="AD_TOP_utilization_placed.pb"/>
  <File Type="PLACE-CTRL" Name="AD_TOP_control_sets_placed.rpt"/>
  <File Type="PLACE-SIMILARITY" Name="AD_TOP_incremental_reuse_placed.rpt"/>
  <File Type="PLACE-PRE-SIMILARITY" Name="AD_TOP_incremental_reuse_pre_placed.rpt"/>
  <File Type="PLACE-TIMING" Name="AD_TOP_timing_summary_placed.rpt"/>
  <File Type="POSTPLACE-PWROPT-DCP" Name="AD_TOP_postplace_pwropt.dcp"/>
  <File Type="POSTPLACE-PWROPT-TIMING" Name="AD_TOP_timing_summary_postplace_pwropted.rpt"/>
  <File Type="PHYSOPT-DCP" Name="AD_TOP_physopt.dcp"/>
  <File Type="PHYSOPT-DRC" Name="AD_TOP_drc_physopted.rpt"/>
  <File Type="PHYSOPT-TIMING" Name="AD_TOP_timing_summary_physopted.rpt"/>
  <File Type="ROUTE-DRC" Name="AD_TOP_drc_routed.rpt"/>
  <File Type="ROUTE-DRC-PB" Name="AD_TOP_drc_routed.pb"/>
  <File Type="ROUTE-PWR" Name="AD_TOP_power_routed.rpt"/>
  <File Type="ROUTE-PWR-SUM" Name="AD_TOP_power_summary_routed.pb"/>
  <File Type="ROUTE-STATUS" Name="AD_TOP_route_status.rpt"/>
  <File Type="ROUTE-STATUS-PB" Name="AD_TOP_route_status.pb"/>
  <File Type="ROUTE-TIMINGSUMMARY" Name="AD_TOP_timing_summary_routed.rpt"/>
  <File Type="ROUTE-TIMING-PB" Name="AD_TOP_timing_summary_routed.pb"/>
  <File Type="ROUTE-TIMING-RPX" Name="AD_TOP_timing_summary_routed.rpx"/>
  <File Type="ROUTE-SIMILARITY" Name="AD_TOP_incremental_reuse_routed.rpt"/>
  <File Type="ROUTE-CLK" Name="AD_TOP_clock_utilization_routed.rpt"/>
  <File Type="POSTROUTE-PHYSOPT-DCP" Name="AD_TOP_postroute_physopt.dcp"/>
  <File Type="POSTROUTE-PHYSOPT-TIMING" Name="AD_TOP_timing_summary_postroute_physopted.rpt"/>
  <File Type="POSTROUTE-PHYSOPT-TIMING-PB" Name="AD_TOP_timing_summary_postroute_physopted.pb"/>
  <File Type="POSTROUTE-PHYSOPT-TIMING-RPX" Name="AD_TOP_timing_summary_postroute_physopted.rpx"/>
  <File Type="BG-BIT" Name="AD_TOP.bit"/>
  <File Type="BG-BIN" Name="AD_TOP.bin"/>
  <File Type="BITSTR-MSK" Name="AD_TOP.msk"/>
  <File Type="BITSTR-RBT" Name="AD_TOP.rbt"/>
  <File Type="BITSTR-NKY" Name="AD_TOP.nky"/>
  <File Type="BITSTR-BMM" Name="AD_TOP_bd.bmm"/>
  <File Type="BITSTR-MMI" Name="AD_TOP.mmi"/>
  <File Type="BITSTR-SYSDEF" Name="AD_TOP.sysdef"/>
  <File Type="BG-BGN" Name="AD_TOP.bgn"/>
  <File Type="BG-DRC" Name="AD_TOP.drc"/>
  <File Type="WBT-USG" Name="usage_statistics_webtalk.html"/>
  <FileSet Name="sources" Type="DesignSrcs" RelSrcDir="$PSRCDIR/sources_1">
    <Filter Type="Srcs"/>
    <File Path="$PSRCDIR/sources_1/new/AD_TOP.v">
      <FileInfo>
        <Attr Name="UsedIn" Val="synthesis"/>
        <Attr Name="UsedIn" Val="implementation"/>
        <Attr Name="UsedIn" Val="simulation"/>
      </FileInfo>
    </File>
    <Config>
      <Option Name="DesignMode" Val="RTL"/>
      <Option Name="TopModule" Val="AD_TOP"/>
      <Option Name="TopAutoSet" Val="TRUE"/>
    </Config>
  </FileSet>
  <FileSet Name="constrs_in" Type="Constrs" RelSrcDir="$PSRCDIR/constrs_1">
    <Filter Type="Constrs"/>
    <File Path="$PSRCDIR/sources_1/EGo1.xdc">
      <FileInfo>
        <Attr Name="UsedIn" Val="synthesis"/>
        <Attr Name="UsedIn" Val="implementation"/>
      </FileInfo>
    </File>
    <Config>
      <Option Name="ConstrsType" Val="XDC"/>
    </Config>
  </FileSet>
  <Strategy Version="1" Minor="2">
    <StratHandle Name="Vivado Implementation Defaults" Flow="Vivado Implementation 2015"/>
    <Step Id="init_design"/>
    <Step Id="opt_design"/>
    <Step Id="power_opt_design"/>
    <Step Id="place_design"/>
    <Step Id="post_place_power_opt_design"/>
    <Step Id="phys_opt_design"/>
    <Step Id="route_design"/>
    <Step Id="post_route_phys_opt_design"/>
    <Step Id="write_bitstream"/>
  </Strategy>
  <BlockFileSet Type="BlockSrcs" Name="xadc_wiz_0"/>
</GenRun>
