<?xml version="1.0" encoding="UTF-8"?>
<GenRun Id="impl_1" LaunchPart="xc7a35tcsg324-1" LaunchTime="1495384088">
  <File Type="INIT-TIMING" Name="DFM_top_timing_summary_init.rpt"/>
  <File Type="PA-TCL" Name="DFM_top.tcl"/>
  <File Type="RUN-CONSTRS" Name="$PDATADIR/runs/impl_1/constrs_in.xml"/>
  <File Type="RDI-RDI" Name="DFM_top.vdi"/>
  <File Type="OPT-DCP" Name="DFM_top_opt.dcp"/>
  <File Type="RUN-SRCS" Name="$PDATADIR/runs/impl_1/sources.xml"/>
  <File Type="RUN-STRAT" Name="$PDATADIR/runs/impl_1/impl_1.psg"/>
  <File Type="OPT-DRC" Name="DFM_top_drc_opted.rpt"/>
  <File Type="ROUTE-DCP" Name="DFM_top_routed.dcp"/>
  <File Type="OPT-TIMING" Name="DFM_top_timing_summary_opted.rpt"/>
  <File Type="OPT-HWDEF" Name="DFM_top.hwdef"/>
  <File Type="PWROPT-DCP" Name="DFM_top_pwropt.dcp"/>
  <File Type="PWROPT-DRC" Name="DFM_top_drc_pwropted.rpt"/>
  <File Type="PWROPT-TIMING" Name="DFM_top_timing_summary_pwropted.rpt"/>
  <File Type="PLACE-DCP" Name="DFM_top_placed.dcp"/>
  <File Type="PLACE-IO" Name="DFM_top_io_placed.rpt"/>
  <File Type="PLACE-CLK" Name="DFM_top_clock_utilization_placed.rpt"/>
  <File Type="PLACE-UTIL" Name="DFM_top_utilization_placed.rpt"/>
  <File Type="PLACE-UTIL-PB" Name="DFM_top_utilization_placed.pb"/>
  <File Type="PLACE-CTRL" Name="DFM_top_control_sets_placed.rpt"/>
  <File Type="PLACE-SIMILARITY" Name="DFM_top_incremental_reuse_placed.rpt"/>
  <File Type="PLACE-PRE-SIMILARITY" Name="DFM_top_incremental_reuse_pre_placed.rpt"/>
  <File Type="PLACE-TIMING" Name="DFM_top_timing_summary_placed.rpt"/>
  <File Type="POSTPLACE-PWROPT-DCP" Name="DFM_top_postplace_pwropt.dcp"/>
  <File Type="POSTPLACE-PWROPT-TIMING" Name="DFM_top_timing_summary_postplace_pwropted.rpt"/>
  <File Type="PHYSOPT-DCP" Name="DFM_top_physopt.dcp"/>
  <File Type="PHYSOPT-DRC" Name="DFM_top_drc_physopted.rpt"/>
  <File Type="PHYSOPT-TIMING" Name="DFM_top_timing_summary_physopted.rpt"/>
  <File Type="ROUTE-DRC" Name="DFM_top_drc_routed.rpt"/>
  <File Type="ROUTE-DRC-PB" Name="DFM_top_drc_routed.pb"/>
  <File Type="ROUTE-PWR" Name="DFM_top_power_routed.rpt"/>
  <File Type="ROUTE-PWR-SUM" Name="DFM_top_power_summary_routed.pb"/>
  <File Type="ROUTE-STATUS" Name="DFM_top_route_status.rpt"/>
  <File Type="ROUTE-STATUS-PB" Name="DFM_top_route_status.pb"/>
  <File Type="ROUTE-TIMINGSUMMARY" Name="DFM_top_timing_summary_routed.rpt"/>
  <File Type="ROUTE-TIMING-PB" Name="DFM_top_timing_summary_routed.pb"/>
  <File Type="ROUTE-TIMING-RPX" Name="DFM_top_timing_summary_routed.rpx"/>
  <File Type="ROUTE-SIMILARITY" Name="DFM_top_incremental_reuse_routed.rpt"/>
  <File Type="ROUTE-CLK" Name="DFM_top_clock_utilization_routed.rpt"/>
  <File Type="POSTROUTE-PHYSOPT-DCP" Name="DFM_top_postroute_physopt.dcp"/>
  <File Type="POSTROUTE-PHYSOPT-TIMING" Name="DFM_top_timing_summary_postroute_physopted.rpt"/>
  <File Type="POSTROUTE-PHYSOPT-TIMING-PB" Name="DFM_top_timing_summary_postroute_physopted.pb"/>
  <File Type="POSTROUTE-PHYSOPT-TIMING-RPX" Name="DFM_top_timing_summary_postroute_physopted.rpx"/>
  <File Type="BG-BIT" Name="DFM_top.bit"/>
  <File Type="BG-BIN" Name="DFM_top.bin"/>
  <File Type="BITSTR-MSK" Name="DFM_top.msk"/>
  <File Type="BITSTR-RBT" Name="DFM_top.rbt"/>
  <File Type="BITSTR-NKY" Name="DFM_top.nky"/>
  <File Type="BITSTR-BMM" Name="DFM_top_bd.bmm"/>
  <File Type="BITSTR-MMI" Name="DFM_top.mmi"/>
  <File Type="BITSTR-SYSDEF" Name="DFM_top.sysdef"/>
  <File Type="BG-BGN" Name="DFM_top.bgn"/>
  <File Type="BG-DRC" Name="DFM_top.drc"/>
  <File Type="WBT-USG" Name="usage_statistics_webtalk.html"/>
  <FileSet Name="sources" Type="DesignSrcs" RelSrcDir="$PSRCDIR/sources_1">
    <Filter Type="Srcs"/>
    <File Path="$PSRCDIR/sources_1/new/round.v">
      <FileInfo>
        <Attr Name="UsedIn" Val="synthesis"/>
        <Attr Name="UsedIn" Val="implementation"/>
        <Attr Name="UsedIn" Val="simulation"/>
      </FileInfo>
    </File>
    <File Path="$PSRCDIR/sources_1/new/Timer_1s.v">
      <FileInfo>
        <Attr Name="UsedIn" Val="synthesis"/>
        <Attr Name="UsedIn" Val="implementation"/>
        <Attr Name="UsedIn" Val="simulation"/>
      </FileInfo>
    </File>
    <File Path="$PSRCDIR/sources_1/new/Latch.v">
      <FileInfo>
        <Attr Name="UsedIn" Val="synthesis"/>
        <Attr Name="UsedIn" Val="implementation"/>
        <Attr Name="UsedIn" Val="simulation"/>
      </FileInfo>
    </File>
    <File Path="$PSRCDIR/sources_1/new/Display.v">
      <FileInfo>
        <Attr Name="UsedIn" Val="synthesis"/>
        <Attr Name="UsedIn" Val="implementation"/>
        <Attr Name="UsedIn" Val="simulation"/>
      </FileInfo>
    </File>
    <File Path="$PSRCDIR/sources_1/new/Counter.v">
      <FileInfo>
        <Attr Name="UsedIn" Val="synthesis"/>
        <Attr Name="UsedIn" Val="implementation"/>
        <Attr Name="UsedIn" Val="simulation"/>
      </FileInfo>
    </File>
    <File Path="$PSRCDIR/sources_1/new/Bin_2_Dec.v">
      <FileInfo>
        <Attr Name="UsedIn" Val="synthesis"/>
        <Attr Name="UsedIn" Val="implementation"/>
        <Attr Name="UsedIn" Val="simulation"/>
      </FileInfo>
    </File>
    <File Path="$PSRCDIR/sources_1/new/DFM_top.v">
      <FileInfo>
        <Attr Name="UsedIn" Val="synthesis"/>
        <Attr Name="UsedIn" Val="implementation"/>
        <Attr Name="UsedIn" Val="simulation"/>
      </FileInfo>
    </File>
    <Config>
      <Option Name="DesignMode" Val="RTL"/>
      <Option Name="TopModule" Val="DFM_top"/>
      <Option Name="TopAutoSet" Val="TRUE"/>
    </Config>
  </FileSet>
  <FileSet Name="constrs_in" Type="Constrs" RelSrcDir="$PSRCDIR/constrs_1">
    <Filter Type="Constrs"/>
    <File Path="$PSRCDIR/sources_1/EGo1.xdc">
      <FileInfo>
        <Attr Name="UsedIn" Val="synthesis"/>
        <Attr Name="UsedIn" Val="implementation"/>
      </FileInfo>
    </File>
    <Config>
      <Option Name="ConstrsType" Val="XDC"/>
    </Config>
  </FileSet>
  <Strategy Version="1" Minor="2">
    <StratHandle Name="Vivado Implementation Defaults" Flow="Vivado Implementation 2015"/>
    <Step Id="init_design"/>
    <Step Id="opt_design"/>
    <Step Id="power_opt_design" EnableStepBool="1"/>
    <Step Id="place_design"/>
    <Step Id="post_place_power_opt_design" EnableStepBool="1"/>
    <Step Id="phys_opt_design"/>
    <Step Id="route_design"/>
    <Step Id="post_route_phys_opt_design"/>
    <Step Id="write_bitstream"/>
  </Strategy>
</GenRun>
